<ImportExportXml version="8.2.0016.0016" SolutionPackageVersion="8.2" languagecode="1033" generatedBy="OnPremise" xmlns:xsi="http://www.w3.org/2001/XMLSchema-instance">
  <SolutionManifest>
    <UniqueName>RoundRobin</UniqueName>
    <LocalizedNames>
      <LocalizedName description="RoundRobin" languagecode="1033" />
    </LocalizedNames>
    <Descriptions>
      <Description description="Project files can be downloaded from GitHub here." languagecode="1033" />
    </Descriptions>
    <Version>1.0.0.0</Version>
    <Managed>1</Managed>
    <Publisher>
      <UniqueName>ramcosubscriber</UniqueName>
      <LocalizedNames>
        <LocalizedName description="RAMCO Subscriber" languagecode="1033" />
      </LocalizedNames>
      <Descriptions />
      <EMailAddress xsi:nil="true"></EMailAddress>
      <SupportingWebsiteUrl xsi:nil="true"></SupportingWebsiteUrl>
      <CustomizationPrefix>ramcosub</CustomizationPrefix>
      <CustomizationOptionValuePrefix>74030</CustomizationOptionValuePrefix>
      <Addresses>
        <Address>
          <AddressNumber>1</AddressNumber>
          <AddressTypeCode>1</AddressTypeCode>
          <City xsi:nil="true"></City>
          <County xsi:nil="true"></County>
          <Country xsi:nil="true"></Country>
          <Fax xsi:nil="true"></Fax>
          <FreightTermsCode xsi:nil="true"></FreightTermsCode>
          <ImportSequenceNumber xsi:nil="true"></ImportSequenceNumber>
          <Latitude xsi:nil="true"></Latitude>
          <Line1 xsi:nil="true"></Line1>
          <Line2 xsi:nil="true"></Line2>
          <Line3 xsi:nil="true"></Line3>
          <Longitude xsi:nil="true"></Longitude>
          <Name xsi:nil="true"></Name>
          <PostalCode xsi:nil="true"></PostalCode>
          <PostOfficeBox xsi:nil="true"></PostOfficeBox>
          <PrimaryContactName xsi:nil="true"></PrimaryContactName>
          <ShippingMethodCode>1</ShippingMethodCode>
          <StateOrProvince xsi:nil="true"></StateOrProvince>
          <Telephone1 xsi:nil="true"></Telephone1>
          <Telephone2 xsi:nil="true"></Telephone2>
          <Telephone3 xsi:nil="true"></Telephone3>
          <TimeZoneRuleVersionNumber xsi:nil="true"></TimeZoneRuleVersionNumber>
          <UPSZone xsi:nil="true"></UPSZone>
          <UTCOffset xsi:nil="true"></UTCOffset>
          <UTCConversionTimeZoneCode xsi:nil="true"></UTCConversionTimeZoneCode>
        </Address>
        <Address>
          <AddressNumber>2</AddressNumber>
          <AddressTypeCode>1</AddressTypeCode>
          <City xsi:nil="true"></City>
          <County xsi:nil="true"></County>
          <Country xsi:nil="true"></Country>
          <Fax xsi:nil="true"></Fax>
          <FreightTermsCode xsi:nil="true"></FreightTermsCode>
          <ImportSequenceNumber xsi:nil="true"></ImportSequenceNumber>
          <Latitude xsi:nil="true"></Latitude>
          <Line1 xsi:nil="true"></Line1>
          <Line2 xsi:nil="true"></Line2>
          <Line3 xsi:nil="true"></Line3>
          <Longitude xsi:nil="true"></Longitude>
          <Name xsi:nil="true"></Name>
          <PostalCode xsi:nil="true"></PostalCode>
          <PostOfficeBox xsi:nil="true"></PostOfficeBox>
          <PrimaryContactName xsi:nil="true"></PrimaryContactName>
          <ShippingMethodCode>1</ShippingMethodCode>
          <StateOrProvince xsi:nil="true"></StateOrProvince>
          <Telephone1 xsi:nil="true"></Telephone1>
          <Telephone2 xsi:nil="true"></Telephone2>
          <Telephone3 xsi:nil="true"></Telephone3>
          <TimeZoneRuleVersionNumber xsi:nil="true"></TimeZoneRuleVersionNumber>
          <UPSZone xsi:nil="true"></UPSZone>
          <UTCOffset xsi:nil="true"></UTCOffset>
          <UTCConversionTimeZoneCode xsi:nil="true"></UTCConversionTimeZoneCode>
        </Address>
      </Addresses>
    </Publisher>
    <RootComponents>
      <RootComponent type="1" schemaName="queueitem" behavior="1" />
      <RootComponent type="1" schemaName="ramcosub_userlogin" behavior="0" />
      <RootComponent type="1" schemaName="team" behavior="1" />
      <RootComponent type="29" id="{0c3967e3-3ebb-4496-a702-e74874aea06e}" behavior="0" />
      <RootComponent type="29" id="{5116ec30-ca67-43a5-aa9a-b72b45ea3ca1}" behavior="0" />
      <RootComponent type="29" id="{6e21337d-e174-4a0d-9715-e7beafb3454e}" behavior="0" />
      <RootComponent type="29" id="{f9b099e3-6a74-43fb-83dc-89d499698406}" behavior="0" />
      <RootComponent type="60" id="{5d5e51d8-57d9-4c97-ad31-0d62c79bf138}" behavior="0" />
      <RootComponent type="60" id="{9f5f4b90-3263-4ae8-9c9b-b84b2a2a7c47}" behavior="0" />
      <RootComponent type="61" schemaName="ramcosub_dashboardLogin" behavior="0" />
      <RootComponent type="91" schemaName="RoundRobin, Version=1.0.0.0, Culture=neutral, PublicKeyToken=fbc79fea9da69a05" behavior="0" />
    </RootComponents>
    <MissingDependencies>
      <MissingDependency>
        <Required key="0" type="90" schemaName="Kaskela.WorkflowElements.Plugins.Activities.QueryRunWorkflowOnResults, Kaskela.WorkflowElements.Plugins, Version=1.0.10.0, Culture=neutral, PublicKeyToken=a0b1732e72414b6f" displayName="Query - Run Workflow on Results" solution="WorkflowElements (2.2.0)" />
        <Dependent key="1" type="29" displayName="Member Services - Hours of Operations" id="{f9b099e3-6a74-43fb-83dc-89d499698406}" />
      </MissingDependency>
    </MissingDependencies>
  </SolutionManifest>
</ImportExportXml>